image_id,device_id,timestamp,source_type,image_path,processed_path,width,height,brightness,processing_status,processing_time_ms,note
img_2d74745232,simulated_camera,2026-06-09T07:36:26,demo_script,data/raw_images/img_2d74745232.jpg,data/processed_images/img_2d74745232_processed_steps.jpg,640,360,233.55,processed,171.03,demo_frame=0
img_e35d0bf94d,simulated_camera,2026-06-09T07:36:26,demo_script,data/raw_images/img_e35d0bf94d.jpg,data/processed_images/img_e35d0bf94d_processed_steps.jpg,640,360,233.55,processed,7.17,demo_frame=1
img_494650f8dd,camera:no_camera_fallback,2026-06-09T07:36:29,motion_capture,data/raw_images/img_494650f8dd.jpg,data/processed_images/img_494650f8dd_processed_steps.jpg,640,360,233.55,processed,5.06,"motion_score=1162.0, threshold=25, min_area=800"
img_c5ed84ff29,simulated_camera,2026-06-10T07:54:05,demo_script,data\raw_images\img_c5ed84ff29.jpg,data\processed_images\img_c5ed84ff29_processed_steps.jpg,640,360,233.51,processed,61.18,demo_frame=0
img_095581d85e,simulated_camera,2026-06-10T07:54:05,demo_script,data\raw_images\img_095581d85e.jpg,data\processed_images\img_095581d85e_processed_steps.jpg,640,360,233.51,processed,47.81,demo_frame=1
img_2e4bff2c9d,camera:no_camera_fallback,2026-06-10T07:54:07,motion_capture,data\raw_images\img_2e4bff2c9d.jpg,data\processed_images\img_2e4bff2c9d_processed_steps.jpg,640,360,233.51,processed,28.41,"motion_score=1162.0, threshold=25, min_area=800"
img_a1df7ec440,camera:0,2026-06-10T07:56:30,camera,data\raw_images\img_a1df7ec440.jpg,data\processed_images\img_a1df7ec440_processed_steps.jpg,640,480,144.42,processed,33.03,snapshot button
img_093bbc7b4a,image_upload_dashboard,2026-06-10T07:57:04,upload,data\raw_images\img_093bbc7b4a.jpg,data\processed_images\img_093bbc7b4a_processed_steps.jpg,640,480,144.42,processed,52.25,filename=img_a1df7ec440.jpg
img_3180565846,camera:0,2026-06-10T08:12:12,motion_capture,data\raw_images\img_3180565846.jpg,data\processed_images\img_3180565846_processed_steps.jpg,640,360,233.51,processed,71.93,"motion_score=71791.0, threshold=25, min_area=800"
img_2ac34ce56e,camera:0,2026-06-10T08:12:21,motion_capture,data\raw_images\img_2ac34ce56e.jpg,data\processed_images\img_2ac34ce56e_processed_steps.jpg,640,480,137.91,processed,30.54,"motion_score=3753.5, threshold=25, min_area=800"
img_cd0d308c13,camera:0,2026-06-10T08:12:30,motion_capture,data\raw_images\img_cd0d308c13.jpg,data\processed_images\img_cd0d308c13_processed_steps.jpg,640,480,138.24,processed,30.06,"motion_score=478.5, threshold=25, min_area=800"
img_5991d6191b,simulated_camera,2026-06-10T09:30:12,demo_script,data\raw_images\img_5991d6191b.jpg,data\processed_images\img_5991d6191b_processed_steps.jpg,640,360,233.51,processed,55.85,demo_frame=0
img_895f7e3529,simulated_camera,2026-06-10T09:30:12,demo_script,data\raw_images\img_895f7e3529.jpg,data\processed_images\img_895f7e3529_processed_steps.jpg,640,360,233.51,processed,46.04,demo_frame=1
img_cb16c0c213,camera:no_camera_fallback,2026-06-10T09:30:15,motion_capture,data\raw_images\img_cb16c0c213.jpg,data\processed_images\img_cb16c0c213_processed_steps.jpg,640,360,233.51,processed,50.11,"motion_score=1162.0, threshold=25, min_area=800"
img_7ccbde45a3,local_smoke,2026-06-10T09:30:29,script,data\raw_images\img_7ccbde45a3.jpg,data\processed_images\img_7ccbde45a3_processed_steps.jpg,640,360,233.51,processed,36.08,python app.py smoke test
img_ed5a5d0f6f,camera:0,2026-06-10T09:31:50,motion_capture,data\raw_images\img_ed5a5d0f6f.jpg,data\processed_images\img_ed5a5d0f6f_processed_steps.jpg,640,480,146.64,processed,48.46,"motion_score=2645.0, threshold=25, min_area=800"
img_2f649786d4,camera:0,2026-06-10T09:31:59,motion_capture,data\raw_images\img_2f649786d4.jpg,data\processed_images\img_2f649786d4_processed_steps.jpg,640,480,138.64,processed,61.32,"motion_score=6771.5, threshold=25, min_area=800"
img_164eb9b91c,camera:0,2026-06-10T09:32:08,motion_capture,data\raw_images\img_164eb9b91c.jpg,data\processed_images\img_164eb9b91c_processed_steps.jpg,640,480,139.95,processed,55.53,"motion_score=1688.0, threshold=25, min_area=800"
img_2c61c2782f,camera:0,2026-06-10T09:33:09,motion_capture,data\raw_images\img_2c61c2782f.jpg,data\processed_images\img_2c61c2782f_processed_steps.jpg,640,480,148.07,processed,43.78,"motion_score=983.0, threshold=25, min_area=800"
img_d42cd37e33,camera:0,2026-06-10T09:33:17,motion_capture,data\raw_images\img_d42cd37e33.jpg,data\processed_images\img_d42cd37e33_processed_steps.jpg,640,360,233.51,processed,38.7,"motion_score=11104.0, threshold=25, min_area=800"
img_cb305b2b7f,camera:0,2026-06-10T09:33:26,motion_capture,data\raw_images\img_cb305b2b7f.jpg,data\processed_images\img_cb305b2b7f_processed_steps.jpg,640,480,141.84,processed,55.84,"motion_score=1199.0, threshold=25, min_area=800"
img_96c9b3b875,camera:0,2026-06-10T09:36:54,motion_capture,data\raw_images\img_96c9b3b875.jpg,data\processed_images\img_96c9b3b875_processed_steps.jpg,640,480,135.73,processed,245.23,"motion_score=4846.5, threshold=25, min_area=800"
img_24656d2301,camera:0,2026-06-10T09:37:03,motion_capture,data\raw_images\img_24656d2301.jpg,data\processed_images\img_24656d2301_processed_steps.jpg,640,480,142.98,processed,86.55,"motion_score=6546.0, threshold=25, min_area=800"
img_86190e4f27,camera:0,2026-06-10T09:37:11,motion_capture,data\raw_images\img_86190e4f27.jpg,data\processed_images\img_86190e4f27_processed_steps.jpg,640,480,127.54,processed,142.86,"motion_score=7695.0, threshold=25, min_area=800"
img_41974d4be8,camera:0,2026-06-10T09:37:20,motion_capture,data\raw_images\img_41974d4be8.jpg,data\processed_images\img_41974d4be8_processed_steps.jpg,640,480,142.83,processed,120.64,"motion_score=7759.5, threshold=25, min_area=800"
img_ea67cabed9,camera:0,2026-06-10T09:37:59,motion_capture,data\raw_images\img_ea67cabed9.jpg,data\processed_images\img_ea67cabed9_processed_steps.jpg,640,480,134.42,processed,139.32,"motion_score=1495.5, threshold=25, min_area=800"
img_4b83f17e8a,camera:0,2026-06-10T09:43:14,motion_capture,data\raw_images\img_4b83f17e8a.jpg,data\processed_images\img_4b83f17e8a_processed_steps.jpg,640,480,130.55,processed,43.42,"motion_score=3177.5, threshold=25, min_area=800"
img_94298b8511,camera:0,2026-06-10T09:43:23,motion_capture,data\raw_images\img_94298b8511.jpg,data\processed_images\img_94298b8511_processed_steps.jpg,640,480,139.4,processed,27.64,"motion_score=5193.0, threshold=25, min_area=800"
img_2bec6d1365,camera:0,2026-06-10T09:43:31,motion_capture,data\raw_images\img_2bec6d1365.jpg,data\processed_images\img_2bec6d1365_processed_steps.jpg,640,480,132.46,processed,43.05,"motion_score=2568.5, threshold=25, min_area=800"
img_955ac6a5b4,camera:0,2026-06-10T10:36:21,motion_capture,data\raw_images\img_955ac6a5b4.jpg,data\processed_images\img_955ac6a5b4_processed_steps.jpg,640,480,140.58,processed,39.24,"motion_score=1018.0, threshold=25, min_area=800"
img_48685e268e,camera:0,2026-06-10T10:36:40,motion_capture,data\raw_images\img_48685e268e.jpg,data\processed_images\img_48685e268e_processed_steps.jpg,640,360,234.99,processed,37.43,"motion_score=72052.0, threshold=25, min_area=800"
img_f6d4b9b0ae,camera:0,2026-06-10T10:36:47,motion_capture,data\raw_images\img_f6d4b9b0ae.jpg,data\processed_images\img_f6d4b9b0ae_processed_steps.jpg,640,480,141.71,processed,31.63,"motion_score=2245.0, threshold=25, min_area=800"
